[
  {
    "value": "kk",
    "synonyms": [
      "kk"
    ]
  },
  {
    "value": "KKW @ Lavender",
    "synonyms": [
      "KKW @ Lavender"
    ]
  },
  {
    "value": "KKW @ Bugis 1",
    "synonyms": [
      "KKW @ Bugis 1"
    ]
  },
  {
    "value": "ABC @ Tampines West",
    "synonyms": [
      "ABC @ Tampines West"
    ]
  },
  {
    "value": "Coffee Bean @ Woodland 123",
    "synonyms": [
      "Coffee Bean @ Woodland 123"
    ]
  },
  {
    "value": "TS Wong Clinic @ Bugis 1",
    "synonyms": [
      "TS Wong Clinic @ Bugis 1"
    ]
  },
  {
    "value": "Pizza Hut @ Bugis 1",
    "synonyms": [
      "Pizza Hut @ Bugis 1"
    ]
  },
  {
    "value": "Starbuck @ Bugis 1",
    "synonyms": [
      "Starbuck @ Bugis 1"
    ]
  }
]