[
  {
    "value": "Breakfast",
    "synonyms": [
      "Breakfast",
      "NewYork cheese cake",
      "cookie crumble",
      "pineapple tart",
      "salmon sandwich",
      "cheese cake"
    ]
  },
  {
    "value": "Brunch",
    "synonyms": [
      "Brunch"
    ]
  },
  {
    "value": "lunch",
    "synonyms": [
      "lunch",
      "food",
      "rice",
      "chicken rice",
      "pineapple chicken rice",
      "briyani"
    ]
  },
  {
    "value": "dinner",
    "synonyms": [
      "dinner",
      "satay",
      "avacado delights",
      "stuffed cheese"
    ]
  }
]