[
  {
    "value": "Baby Shower",
    "synonyms": [
      "Baby Shower"
    ]
  },
  {
    "value": "Bridal shower",
    "synonyms": [
      "Bridal shower"
    ]
  },
  {
    "value": "Christmas",
    "synonyms": [
      "Christmas",
      "X-mas",
      "Xmas"
    ]
  },
  {
    "value": "Engagement party",
    "synonyms": [
      "Engagement party"
    ]
  },
  {
    "value": "Fathers day",
    "synonyms": [
      "Father\u0027s day",
      "Fathers day"
    ]
  },
  {
    "value": "Halloween",
    "synonyms": [
      "Cosplay party",
      "Costume party",
      "Halloween",
      "Halloween Party"
    ]
  },
  {
    "value": "Hannukah",
    "synonyms": [
      "Channukah",
      "Hannukah"
    ]
  },
  {
    "value": "Mothers day",
    "synonyms": [
      "Mother\u0027s day",
      "Mothers day"
    ]
  },
  {
    "value": "New Years",
    "synonyms": [
      "New Years",
      "New Years Eve",
      "New Years Eve Party",
      "New Years party"
    ]
  },
  {
    "value": "Passover",
    "synonyms": [
      "Passover"
    ]
  },
  {
    "value": "Ramadan",
    "synonyms": [
      "Ramadan"
    ]
  },
  {
    "value": "Thanksgiving",
    "synonyms": [
      "Thanksgiving",
      "Thanksgiving dinner"
    ]
  },
  {
    "value": "Valentine\u0027s",
    "synonyms": [
      "Valentine\u0027s",
      "Valentine\u0027s Day",
      "Valentines day"
    ]
  },
  {
    "value": "Wedding",
    "synonyms": [
      "Wedding"
    ]
  },
  {
    "value": "a friend",
    "synonyms": [
      "a friend",
      "aunt",
      "boyfriend",
      "brother",
      "daughter",
      "ex husband",
      "ex wife",
      "father",
      "girlfriend",
      "mother",
      "sister",
      "son",
      "uncle"
    ]
  },
  {
    "value": "anniversary",
    "synonyms": [
      "anniversary",
      "Wedding anniversary",
      "Anniversary",
      "Marriage day"
    ]
  },
  {
    "value": "bachelor party",
    "synonyms": [
      "bachelor party",
      "bachelorete party",
      "stag party",
      "stagette",
      "stagette party"
    ]
  },
  {
    "value": "birthday",
    "synonyms": [
      "birthday",
      "birthday party"
    ]
  },
  {
    "value": "celebration",
    "synonyms": [
      "celebration"
    ]
  },
  {
    "value": "holiday party",
    "synonyms": [
      "Christmas party",
      "holiday party"
    ]
  },
  {
    "value": "office party",
    "synonyms": [
      "office party",
      "work party"
    ]
  },
  {
    "value": "party",
    "synonyms": [
      "party"
    ]
  },
  {
    "value": "casual",
    "synonyms": [
      "casual",
      "nothing special",
      "just chill",
      "personal"
    ]
  }
]