[
  {
    "value": "Coffee Bean @ Serangoon",
    "synonyms": [
      "Coffee Bean @ Serangoon"
    ]
  },
  {
    "value": "NewStarbuck @ Bugis 1",
    "synonyms": [
      "NewStarbuck @ Bugis 1"
    ]
  },
  {
    "value": "CoffeeBean @ Tampines",
    "synonyms": [
      "CoffeeBean @ Tampines"
    ]
  },
  {
    "value": "Coffee Bean @ Tampines",
    "synonyms": [
      "Coffee Bean @ Tampines"
    ]
  },
  {
    "value": "SoupeSpoon @ Pasir Ris",
    "synonyms": [
      "SoupeSpoon @ Pasir Ris"
    ]
  },
  {
    "value": "TechSource System @ Machpherson",
    "synonyms": [
      "TechSource System @ Machpherson"
    ]
  },
  {
    "value": "Starbuck @ CityHall",
    "synonyms": [
      "Starbuck @ CityHall"
    ]
  },
  {
    "value": "Starbuck @ Bugis 1",
    "synonyms": [
      "Starbuck @ Bugis 1"
    ]
  }
]