[
  {
    "value": "1",
    "synonyms": [
      "option 1",
      "1"
    ]
  },
  {
    "value": "2",
    "synonyms": [
      "2",
      "option 2"
    ]
  },
  {
    "value": "3",
    "synonyms": [
      "3",
      "option 3"
    ]
  },
  {
    "value": "4",
    "synonyms": [
      "4",
      "option 4"
    ]
  },
  {
    "value": "5",
    "synonyms": [
      "5",
      "option 5"
    ]
  },
  {
    "value": "6",
    "synonyms": [
      "6"
    ]
  },
  {
    "value": "7",
    "synonyms": [
      "7"
    ]
  },
  {
    "value": "8",
    "synonyms": [
      "8"
    ]
  },
  {
    "value": "9",
    "synonyms": [
      "9"
    ]
  },
  {
    "value": "10",
    "synonyms": [
      "10"
    ]
  }
]