[
  {
    "id": "ff296920-33c9-448f-8e05-d585c786b95b",
    "data": [
      {
        "text": "ye",
        "userDefined": false
      }
    ],
    "isTemplate": false,
    "count": 0,
    "lang": "en",
    "updated": 0
  },
  {
    "id": "1b0c741c-42a9-480b-a0c0-1ef146862831",
    "data": [
      {
        "text": "yeah",
        "userDefined": false
      }
    ],
    "isTemplate": false,
    "count": 0,
    "lang": "en",
    "updated": 0
  },
  {
    "id": "2dbb166e-349c-4cc8-88bf-08520c728d8f",
    "data": [
      {
        "text": "yea",
        "userDefined": false
      }
    ],
    "isTemplate": false,
    "count": 0,
    "lang": "en",
    "updated": 0
  },
  {
    "id": "08b240aa-9d67-4206-be50-0fd5ad66fbb0",
    "data": [
      {
        "text": "p",
        "userDefined": false
      }
    ],
    "isTemplate": false,
    "count": 1,
    "lang": "en",
    "updated": 0
  },
  {
    "id": "2eb54520-1560-4072-a1ab-432dd4842021",
    "data": [
      {
        "text": "y",
        "meta": "@TF",
        "alias": "tf",
        "userDefined": true
      }
    ],
    "isTemplate": false,
    "count": 0,
    "lang": "en",
    "updated": 0
  },
  {
    "id": "5c048a5d-2a5e-42a0-8850-e9f21b93fd29",
    "data": [
      {
        "text": "yes",
        "meta": "@TF",
        "alias": "tf",
        "userDefined": false
      }
    ],
    "isTemplate": false,
    "count": 0,
    "lang": "en",
    "updated": 0
  },
  {
    "id": "1aa09457-04a3-4f3f-9618-8322b5b98483",
    "data": [
      {
        "text": "ok",
        "userDefined": false
      }
    ],
    "isTemplate": false,
    "count": 0,
    "lang": "en",
    "updated": 0
  },
  {
    "id": "f3bf2bd1-592a-4935-839a-19ddf1f3509a",
    "data": [
      {
        "text": "okay",
        "userDefined": false
      }
    ],
    "isTemplate": false,
    "count": 0,
    "lang": "en",
    "updated": 0
  },
  {
    "id": "e18b4dbc-0186-4c5b-9cf0-71a5c7c13e8e",
    "data": [
      {
        "text": "fine",
        "userDefined": false
      }
    ],
    "isTemplate": false,
    "count": 0,
    "lang": "en",
    "updated": 0
  },
  {
    "id": "bebeccdd-9070-495b-941c-b518f3608e30",
    "data": [
      {
        "text": "ok proceed",
        "userDefined": false
      }
    ],
    "isTemplate": false,
    "count": 0,
    "lang": "en",
    "updated": 0
  },
  {
    "id": "88ff88fc-3a9b-4eb5-8191-58976b818a7a",
    "data": [
      {
        "text": "I am okay",
        "userDefined": false
      }
    ],
    "isTemplate": false,
    "count": 0,
    "lang": "en",
    "updated": 0
  }
]