[
  {
    "id": "6a23c7af-6a2e-40a3-b8b5-20a60d51ca77",
    "data": [
      {
        "text": "6",
        "meta": "@suggestion_list",
        "alias": "suggestion_list",
        "userDefined": false
      }
    ],
    "isTemplate": false,
    "count": 0,
    "lang": "en",
    "updated": 0
  },
  {
    "id": "beb2e7f0-586b-44eb-8f97-3d1f322ca967",
    "data": [
      {
        "text": "5",
        "meta": "@suggestion_list",
        "alias": "suggestion_list",
        "userDefined": false
      }
    ],
    "isTemplate": false,
    "count": 0,
    "lang": "en",
    "updated": 0
  },
  {
    "id": "1dedf4a6-4ef4-4d06-a380-ee5f64234369",
    "data": [
      {
        "text": "4",
        "meta": "@suggestion_list",
        "alias": "suggestion_list",
        "userDefined": false
      }
    ],
    "isTemplate": false,
    "count": 0,
    "lang": "en",
    "updated": 0
  },
  {
    "id": "66eaf6fa-e024-4593-ab42-2f8528f4ec57",
    "data": [
      {
        "text": "3",
        "meta": "@suggestion_list",
        "alias": "suggestion_list",
        "userDefined": false
      }
    ],
    "isTemplate": false,
    "count": 0,
    "lang": "en",
    "updated": 0
  },
  {
    "id": "c076d8dd-f1e3-48a9-93d0-9e2278a0ff3f",
    "data": [
      {
        "text": "2",
        "meta": "@suggestion_list",
        "alias": "suggestion_list",
        "userDefined": false
      }
    ],
    "isTemplate": false,
    "count": 0,
    "lang": "en",
    "updated": 0
  },
  {
    "id": "7d3a076e-6bf8-4a2c-a101-5b426f870f3b",
    "data": [
      {
        "text": "1",
        "meta": "@suggestion_list",
        "alias": "suggestion_list",
        "userDefined": false
      }
    ],
    "isTemplate": false,
    "count": 0,
    "lang": "en",
    "updated": 0
  }
]