[
  {
    "id": "c7257a7d-e045-4c79-a76b-af086ddd3c87",
    "data": [
      {
        "text": "I ",
        "userDefined": false
      },
      {
        "text": "want",
        "meta": "@occasion",
        "alias": "event",
        "userDefined": false
      },
      {
        "text": " to book from ",
        "userDefined": false
      },
      {
        "text": "5",
        "meta": "@option",
        "alias": "option",
        "userDefined": false
      },
      {
        "text": " pm to ",
        "userDefined": false
      },
      {
        "text": "6 pm",
        "meta": "@sys.any",
        "alias": "timeOut",
        "userDefined": true
      }
    ],
    "isTemplate": false,
    "count": 0,
    "lang": "en",
    "updated": 0
  },
  {
    "id": "696d0e1f-8d8a-4a3f-8e5a-b54c0876cccc",
    "data": [
      {
        "text": "need a reservation",
        "userDefined": false
      }
    ],
    "isTemplate": false,
    "count": 0,
    "lang": "en",
    "updated": 0
  },
  {
    "id": "da79a0ff-22f7-43dd-91ac-e23534a76c24",
    "data": [
      {
        "text": "schedule a reservation",
        "userDefined": false
      }
    ],
    "isTemplate": false,
    "count": 0,
    "lang": "en",
    "updated": 0
  },
  {
    "id": "cd5007d0-bc30-47c9-8886-63da000d31ff",
    "data": [
      {
        "text": "book",
        "userDefined": false
      }
    ],
    "isTemplate": false,
    "count": 0,
    "lang": "en",
    "updated": 0
  },
  {
    "id": "991e2f76-6e5b-4989-8fe7-15b50fe9bf08",
    "data": [
      {
        "text": "book for ",
        "userDefined": false
      },
      {
        "text": "3",
        "meta": "@sys.number-integer",
        "alias": "slot_duration",
        "userDefined": true
      },
      {
        "text": " hours",
        "userDefined": false
      }
    ],
    "isTemplate": false,
    "count": 0,
    "lang": "en",
    "updated": 0
  },
  {
    "id": "8fb24bc2-74fa-4832-8b94-f6730931a286",
    "data": [
      {
        "text": "book a reservation for ",
        "userDefined": false
      },
      {
        "text": "birthday",
        "meta": "@occasion",
        "alias": "event",
        "userDefined": false
      },
      {
        "text": " party",
        "userDefined": false
      }
    ],
    "isTemplate": false,
    "count": 0,
    "lang": "en",
    "updated": 0
  },
  {
    "id": "aad2b67c-b292-4ea2-9beb-0140e2699e9a",
    "data": [
      {
        "text": "need a ",
        "userDefined": false
      },
      {
        "text": "table",
        "meta": "@reservation-type",
        "alias": "reservation-type",
        "userDefined": false
      },
      {
        "text": " booked for ",
        "userDefined": false
      },
      {
        "text": "dinner",
        "meta": "@sys.ignore",
        "userDefined": true
      }
    ],
    "isTemplate": false,
    "count": 0,
    "lang": "en",
    "updated": 0
  },
  {
    "id": "8f30b6e4-88c7-4963-8a89-8163e8da77d9",
    "data": [
      {
        "text": "book ",
        "userDefined": false
      },
      {
        "text": "five",
        "meta": "@sys.number-integer",
        "alias": "seats",
        "userDefined": true
      },
      {
        "text": " ",
        "userDefined": false
      },
      {
        "text": "seats",
        "meta": "@reservation-type",
        "alias": "reservation-type",
        "userDefined": true
      }
    ],
    "isTemplate": false,
    "count": 0,
    "lang": "en",
    "updated": 0
  },
  {
    "id": "c91dc03d-03a6-4618-98e7-26c39c9e5169",
    "data": [
      {
        "text": "book a ",
        "userDefined": false
      },
      {
        "text": "table",
        "meta": "@reservation-type",
        "alias": "reservation-type",
        "userDefined": true
      }
    ],
    "isTemplate": false,
    "count": 0,
    "lang": "en",
    "updated": 0
  },
  {
    "id": "1b6d2026-88b2-484d-b35c-e3a02176f55a",
    "data": [
      {
        "text": "need a reservation for ",
        "userDefined": false
      },
      {
        "text": "2",
        "meta": "@sys.number-integer",
        "alias": "slot_duration",
        "userDefined": true
      },
      {
        "text": " hours",
        "userDefined": false
      }
    ],
    "isTemplate": false,
    "count": 0,
    "lang": "en",
    "updated": 0
  },
  {
    "id": "8ebad2a3-8cfe-4dc4-b41f-5c477873c698",
    "data": [
      {
        "text": "Book a reservation",
        "userDefined": false
      }
    ],
    "isTemplate": false,
    "count": 0,
    "lang": "en",
    "updated": 0
  }
]