[
  {
    "id": "9573c0c7-4cd8-4fb0-bc48-9de4a0d79dcd",
    "data": [
      {
        "text": "5",
        "meta": "@booked_slots_for_cancel",
        "alias": "booked_slots_for_cancel",
        "userDefined": false
      }
    ],
    "isTemplate": false,
    "count": 0,
    "lang": "en",
    "updated": 0
  },
  {
    "id": "ce646783-8c39-4c24-ac88-37ff6560a08f",
    "data": [
      {
        "text": "4",
        "meta": "@booked_slots_for_cancel",
        "alias": "booked_slots_for_cancel",
        "userDefined": false
      }
    ],
    "isTemplate": false,
    "count": 0,
    "lang": "en",
    "updated": 0
  },
  {
    "id": "78c30aad-8bbf-4ee0-9ae4-939ee299736f",
    "data": [
      {
        "text": "3",
        "meta": "@booked_slots_for_cancel",
        "alias": "booked_slots_for_cancel",
        "userDefined": false
      }
    ],
    "isTemplate": false,
    "count": 0,
    "lang": "en",
    "updated": 0
  },
  {
    "id": "2bb4e741-4689-4765-941f-1c795deaaad5",
    "data": [
      {
        "text": "2",
        "meta": "@booked_slots_for_cancel",
        "alias": "booked_slots_for_cancel",
        "userDefined": true
      }
    ],
    "isTemplate": false,
    "count": 0,
    "lang": "en",
    "updated": 0
  },
  {
    "id": "d3dc0a0c-ab2a-40a3-ac3a-93328fdf24a3",
    "data": [
      {
        "text": "1",
        "meta": "@booked_slots_for_cancel",
        "alias": "booked_slots_for_cancel",
        "userDefined": true
      }
    ],
    "isTemplate": false,
    "count": 0,
    "lang": "en",
    "updated": 0
  }
]