[
  {
    "id": "18557f37-0223-4ec4-a4fe-c603840dd379",
    "data": [
      {
        "text": "5",
        "meta": "@sys.number-integer",
        "alias": "booked_slots_for_change",
        "userDefined": false
      }
    ],
    "isTemplate": false,
    "count": 0,
    "lang": "en",
    "updated": 0
  },
  {
    "id": "da563f5d-7c3f-4cda-9270-59bddddcc1cb",
    "data": [
      {
        "text": "4",
        "meta": "@sys.number-integer",
        "alias": "booked_slots_for_change",
        "userDefined": false
      }
    ],
    "isTemplate": false,
    "count": 0,
    "lang": "en",
    "updated": 0
  },
  {
    "id": "463f863f-f941-4abd-887f-6e98babf5656",
    "data": [
      {
        "text": "3",
        "meta": "@sys.number-integer",
        "alias": "booked_slots_for_change",
        "userDefined": false
      }
    ],
    "isTemplate": false,
    "count": 0,
    "lang": "en",
    "updated": 0
  },
  {
    "id": "9a9d7a6d-f69b-4011-abde-a00bb2736751",
    "data": [
      {
        "text": "2",
        "meta": "@sys.number-integer",
        "alias": "booked_slots_for_change",
        "userDefined": false
      }
    ],
    "isTemplate": false,
    "count": 0,
    "lang": "en",
    "updated": 0
  },
  {
    "id": "c40a84e3-85b9-42e8-b41b-15a21a931124",
    "data": [
      {
        "text": "1",
        "meta": "@sys.number-integer",
        "alias": "booked_slots_for_change",
        "userDefined": false
      }
    ],
    "isTemplate": false,
    "count": 0,
    "lang": "en",
    "updated": 0
  }
]