[
  {
    "id": "e7795663-d55d-43ee-9b06-52cf69db1267",
    "data": [
      {
        "text": "5",
        "meta": "@sys.number-integer",
        "alias": "number",
        "userDefined": false
      }
    ],
    "isTemplate": false,
    "count": 0,
    "lang": "en",
    "updated": 0
  },
  {
    "id": "2d9b88dd-df89-4b36-bd43-8ac1470f3e9d",
    "data": [
      {
        "text": "4",
        "meta": "@sys.number-integer",
        "alias": "number",
        "userDefined": false
      }
    ],
    "isTemplate": false,
    "count": 1,
    "lang": "en",
    "updated": 0
  },
  {
    "id": "241fbd49-0c70-4f5b-b3d7-ab765aca0458",
    "data": [
      {
        "text": "2",
        "meta": "@sys.number-integer",
        "alias": "number",
        "userDefined": true
      }
    ],
    "isTemplate": false,
    "count": 0,
    "lang": "en",
    "updated": 0
  },
  {
    "id": "af94a068-7c66-484e-9cbe-232deca50035",
    "data": [
      {
        "text": "3",
        "meta": "@sys.number-integer",
        "alias": "number",
        "userDefined": false
      }
    ],
    "isTemplate": false,
    "count": 0,
    "lang": "en",
    "updated": 0
  },
  {
    "id": "9f820502-d54d-4d94-9e6d-8f6ba7105174",
    "data": [
      {
        "text": "1",
        "meta": "@sys.number-integer",
        "alias": "number",
        "userDefined": false
      }
    ],
    "isTemplate": false,
    "count": 0,
    "lang": "en",
    "updated": 0
  }
]