[
  {
    "id": "422c0df4-8929-4a1d-8218-fe8eed2b4b23",
    "data": [
      {
        "text": "mainmenu",
        "userDefined": false
      }
    ],
    "isTemplate": false,
    "count": 0,
    "lang": "en",
    "updated": 0
  },
  {
    "id": "17971d33-5846-4a98-8bb0-7e395e062140",
    "data": [
      {
        "text": "m",
        "userDefined": false
      }
    ],
    "isTemplate": false,
    "count": 1,
    "lang": "en",
    "updated": 0
  },
  {
    "id": "fe6ef223-4980-4dae-b5cd-0620cd244650",
    "data": [
      {
        "text": "main menu",
        "userDefined": false
      }
    ],
    "isTemplate": false,
    "count": 0,
    "lang": "en",
    "updated": 0
  },
  {
    "id": "f579d629-4e1c-4f72-90ed-3466f1cc8e77",
    "data": [
      {
        "text": "establishments",
        "userDefined": false
      }
    ],
    "isTemplate": false,
    "count": 0,
    "lang": "en",
    "updated": 0
  },
  {
    "id": "4a4f0028-9cae-4607-b229-7ad5b6dcc32e",
    "data": [
      {
        "text": "okay",
        "userDefined": false
      }
    ],
    "isTemplate": false,
    "count": 0,
    "lang": "en",
    "updated": 0
  },
  {
    "id": "eeaefd14-a9c4-4898-9c37-5805c55115ee",
    "data": [
      {
        "text": "menu",
        "userDefined": false
      }
    ],
    "isTemplate": false,
    "count": 0,
    "lang": "en",
    "updated": 0
  },
  {
    "id": "6cd912e8-d0ec-4746-bc9a-9370cac8785e",
    "data": [
      {
        "text": "ok",
        "userDefined": false
      }
    ],
    "isTemplate": false,
    "count": 0,
    "lang": "en",
    "updated": 0
  },
  {
    "id": "7370fa6b-e9ae-4b30-9dda-9be5d9f9fde5",
    "data": [
      {
        "text": "clinic",
        "meta": "@e_type",
        "alias": "e_type",
        "userDefined": true
      }
    ],
    "isTemplate": false,
    "count": 0,
    "lang": "en",
    "updated": 0
  },
  {
    "id": "8db1d46a-fa75-4e2f-8424-e464fb3ee141",
    "data": [
      {
        "text": "shop",
        "meta": "@e_type",
        "alias": "e_type",
        "userDefined": true
      }
    ],
    "isTemplate": false,
    "count": 0,
    "lang": "en",
    "updated": 0
  },
  {
    "id": "e0035568-42a1-4967-b6d4-4989eb6f6aa8",
    "data": [
      {
        "text": "restaurant",
        "meta": "@e_type",
        "alias": "e_type",
        "userDefined": true
      }
    ],
    "isTemplate": false,
    "count": 0,
    "lang": "en",
    "updated": 0
  }
]