[
  {
    "id": "a6322b4b-0956-4366-988c-f0ed1913ac61",
    "data": [
      {
        "text": "reduce the ",
        "userDefined": false
      },
      {
        "text": "seats",
        "meta": "@reservation-type",
        "alias": "reservation-type",
        "userDefined": false
      }
    ],
    "isTemplate": false,
    "count": 0,
    "lang": "en",
    "updated": 0
  },
  {
    "id": "fb227100-4fc9-48f0-be0c-57a565e3fb5a",
    "data": [
      {
        "text": "reduce head counts",
        "userDefined": false
      }
    ],
    "isTemplate": false,
    "count": 0,
    "lang": "en",
    "updated": 0
  },
  {
    "id": "0497922d-943d-47be-8224-b65390fd5943",
    "data": [
      {
        "text": "reduce heads",
        "userDefined": false
      }
    ],
    "isTemplate": false,
    "count": 0,
    "lang": "en",
    "updated": 0
  },
  {
    "id": "677d92ad-9c1a-4cb0-8836-91bd1975eea4",
    "data": [
      {
        "text": "reduce ",
        "userDefined": false
      },
      {
        "text": "seats",
        "meta": "@reservation-type",
        "alias": "reservation-type",
        "userDefined": false
      }
    ],
    "isTemplate": false,
    "count": 0,
    "lang": "en",
    "updated": 0
  }
]