[
  {
    "id": "371dc127-8c26-4672-946f-3e42f9d045bf",
    "data": [
      {
        "text": "1",
        "meta": "@option",
        "alias": "option",
        "userDefined": false
      }
    ],
    "isTemplate": false,
    "count": 0,
    "lang": "en",
    "updated": 0
  },
  {
    "id": "16588c68-f476-4085-98f7-5b4cfe5ccc91",
    "data": [
      {
        "text": "pernaakan",
        "meta": "@restaurant",
        "alias": "restaurant",
        "userDefined": true
      }
    ],
    "isTemplate": false,
    "count": 0,
    "lang": "en",
    "updated": 0
  },
  {
    "id": "28c97858-3641-4374-8213-619502ccc3f8",
    "data": [
      {
        "text": "thaai corner",
        "meta": "@restaurant",
        "alias": "restaurant",
        "userDefined": true
      }
    ],
    "isTemplate": false,
    "count": 0,
    "lang": "en",
    "updated": 0
  },
  {
    "id": "68334423-5ffe-4598-af25-7a680ccebcac",
    "data": [
      {
        "text": "staarbucks",
        "meta": "@restaurant",
        "alias": "restaurant",
        "userDefined": true
      }
    ],
    "isTemplate": false,
    "count": 0,
    "lang": "en",
    "updated": 0
  },
  {
    "id": "710867b2-c0f2-41e0-a118-a8eb60da59c7",
    "data": [
      {
        "text": "soupe spoon",
        "meta": "@restaurant",
        "alias": "restaurant",
        "userDefined": true
      }
    ],
    "isTemplate": false,
    "count": 0,
    "lang": "en",
    "updated": 0
  },
  {
    "id": "b3579e52-bce1-4334-8ed7-9532c15fbf8f",
    "data": [
      {
        "text": "cedelee",
        "meta": "@restaurant",
        "alias": "restaurant",
        "userDefined": true
      }
    ],
    "isTemplate": false,
    "count": 0,
    "lang": "en",
    "updated": 0
  },
  {
    "id": "cd7030de-e9e4-42b3-87db-1314ddf4c99f",
    "data": [
      {
        "text": "ak",
        "meta": "@restaurant",
        "alias": "restaurant",
        "userDefined": true
      }
    ],
    "isTemplate": false,
    "count": 0,
    "lang": "en",
    "updated": 0
  },
  {
    "id": "dade265c-76c4-4266-b48b-96b87b248d57",
    "data": [
      {
        "text": "Restaurant Services",
        "userDefined": false
      }
    ],
    "isTemplate": false,
    "count": 0,
    "lang": "en",
    "updated": 0
  }
]