[
  {
    "id": "9a31813c-124c-45c8-814a-78e4e9ec6f8b",
    "data": [
      {
        "text": "10",
        "meta": "@option",
        "alias": "option",
        "userDefined": false
      }
    ],
    "isTemplate": false,
    "count": 0,
    "lang": "en",
    "updated": 0
  },
  {
    "id": "7b50ae43-f849-4b19-8486-3fbdbcce2243",
    "data": [
      {
        "text": "9",
        "meta": "@option",
        "alias": "option",
        "userDefined": false
      }
    ],
    "isTemplate": false,
    "count": 0,
    "lang": "en",
    "updated": 0
  },
  {
    "id": "2e6312b9-e71b-4ef1-9880-392623c1e691",
    "data": [
      {
        "text": "8",
        "meta": "@option",
        "alias": "option",
        "userDefined": false
      }
    ],
    "isTemplate": false,
    "count": 0,
    "lang": "en",
    "updated": 0
  },
  {
    "id": "e24d6fb6-1366-4a5f-9eb7-bd28cbe378c4",
    "data": [
      {
        "text": "7",
        "meta": "@option",
        "alias": "option",
        "userDefined": false
      }
    ],
    "isTemplate": false,
    "count": 0,
    "lang": "en",
    "updated": 0
  },
  {
    "id": "be842e1b-c22d-4ccc-86ee-1dc2f40a9ccc",
    "data": [
      {
        "text": "6",
        "meta": "@option",
        "alias": "option",
        "userDefined": false
      }
    ],
    "isTemplate": false,
    "count": 0,
    "lang": "en",
    "updated": 0
  },
  {
    "id": "943a5834-1445-48f2-8051-90e24c21b002",
    "data": [
      {
        "text": "5",
        "meta": "@option",
        "alias": "option",
        "userDefined": false
      }
    ],
    "isTemplate": false,
    "count": 0,
    "lang": "en",
    "updated": 0
  },
  {
    "id": "a07eeef4-cade-49f8-9640-64518dd4efdb",
    "data": [
      {
        "text": "4",
        "meta": "@option",
        "alias": "option",
        "userDefined": false
      }
    ],
    "isTemplate": false,
    "count": 0,
    "lang": "en",
    "updated": 0
  },
  {
    "id": "6aec10c8-1544-44da-ab44-ba172935423f",
    "data": [
      {
        "text": "3",
        "meta": "@option",
        "alias": "option",
        "userDefined": false
      }
    ],
    "isTemplate": false,
    "count": 0,
    "lang": "en",
    "updated": 0
  },
  {
    "id": "8681db1d-24a5-475d-8df5-c0ceaefff763",
    "data": [
      {
        "text": "2",
        "meta": "@option",
        "alias": "option",
        "userDefined": false
      }
    ],
    "isTemplate": false,
    "count": 0,
    "lang": "en",
    "updated": 0
  },
  {
    "id": "d00f62fb-97e2-42fd-82fb-af4e14b21d51",
    "data": [
      {
        "text": "1",
        "meta": "@option",
        "alias": "option",
        "userDefined": false
      }
    ],
    "isTemplate": false,
    "count": 0,
    "lang": "en",
    "updated": 0
  },
  {
    "id": "e84e6b06-6458-47f2-b0b4-6e8609e4c255",
    "data": [
      {
        "text": "reserve a table",
        "userDefined": false
      }
    ],
    "isTemplate": false,
    "count": 0,
    "lang": "en",
    "updated": 0
  },
  {
    "id": "75e5e980-6ebc-4616-a095-2375bc3fe143",
    "data": [
      {
        "text": "Book a Table",
        "userDefined": false
      }
    ],
    "isTemplate": false,
    "count": 0,
    "lang": "en",
    "updated": 0
  },
  {
    "id": "21c2e5c8-4ebf-40f0-a04c-4e8ac443cd4b",
    "data": [
      {
        "text": "Book a Reservation",
        "userDefined": false
      }
    ],
    "isTemplate": false,
    "count": 0,
    "lang": "en",
    "updated": 0
  },
  {
    "id": "c3b43413-de74-467c-b28b-5c8d5ccf6235",
    "data": [
      {
        "text": "Restaurant",
        "meta": "@sys.ignore",
        "userDefined": false
      }
    ],
    "isTemplate": false,
    "count": 0,
    "lang": "en",
    "updated": 0
  }
]