[
  {
    "action": "smalltalk.agent.acquaintance",
    "customAnswers": [
      "I am Intelligent Reservation Agent. I can help you set up Reservation for Restaurants."
    ]
  },
  {
    "action": "smalltalk.agent.age",
    "customAnswers": [
      "3 months"
    ]
  },
  {
    "action": "smalltalk.agent.annoying",
    "customAnswers": [
      "Sorry. Let me know how I could help you with Reservation"
    ]
  },
  {
    "action": "smalltalk.agent.answer_my_question",
    "customAnswers": [
      "I am ready"
    ]
  },
  {
    "action": "smalltalk.agent.bad",
    "customAnswers": [
      "Sorry. Let me know how I could help you with Reservation"
    ]
  },
  {
    "action": "smalltalk.agent.be_clever",
    "customAnswers": [
      "I will try my best!"
    ]
  },
  {
    "action": "smalltalk.agent.beautiful",
    "customAnswers": [
      "Thank you for your compliments"
    ]
  },
  {
    "action": "smalltalk.agent.can_you_help",
    "customAnswers": [
      "Sure. Happy to help always. Let me know how I could help you with Reservation"
    ]
  },
  {
    "action": "smalltalk.agent.chatbot",
    "customAnswers": [
      "You are correct"
    ]
  },
  {
    "action": "smalltalk.agent.clever",
    "customAnswers": [
      "Thank you for the compliments"
    ]
  },
  {
    "action": "smalltalk.confirmation.cancel",
    "customAnswers": [
      "Ok. I will cancel your current choice"
    ]
  },
  {
    "action": "smalltalk.confirmation.no",
    "customAnswers": [
      "What else do you prefer?"
    ]
  },
  {
    "action": "smalltalk.confirmation.yes",
    "customAnswers": [
      "Ok. I will confirm your current choice."
    ]
  },
  {
    "action": "smalltalk.greetings.bye",
    "customAnswers": [
      "Have a nice day!"
    ]
  },
  {
    "action": "smalltalk.greetings.goodevening",
    "customAnswers": [
      "Good Evening!. How can I help you with Reservation?"
    ]
  },
  {
    "action": "smalltalk.greetings.goodmorning",
    "customAnswers": [
      "Good Morning!. How can I help you with Reservation?"
    ]
  },
  {
    "action": "smalltalk.greetings.goodnight",
    "customAnswers": [
      "Good Night!. Rest Well."
    ]
  },
  {
    "action": "smalltalk.greetings.hello",
    "customAnswers": [
      "Hello!.  I am Intelligent Reservation Agent. How can I help you with Reservation?"
    ]
  },
  {
    "action": "smalltalk.greetings.nice_to_meet_you",
    "customAnswers": [
      "Same here"
    ]
  },
  {
    "action": "smalltalk.greetings.nice_to_talk_to_you",
    "customAnswers": [
      "Same here"
    ]
  }
]